"name","category","code","cancer_site"
"1-Amino-2-methylanthraquinone","compound","C19320",
"1-Amino-2,4-dibromoanthraquinone","compound","C19211",
"1-Chloro-2-methylpropene","compound","C19206",
"1-Chloro-3-nitrobenzene","compound","C19364",
"1-Hydroxyanthraquinone","compound","C02980",
"1-Methylchrysene","compound","C19447",
"1-Methylphenanthrene","compound","C19457",
"1-Naphthylamine","compound","C14790",
"1-Nitronaphthalene","compound","C14040",
"1-Nitropyrene","compound","C14421",
"1-tert-Butoxy-2-propanol","compound","C19356",
"1,1-Dimethylhydrazine","compound","C19233",
"1,1,1-Trichloroethane","compound","C18246",
"1,1,1,2-Tetrachloroethane","compound","C14705",
"1,1,2-Trichloroethane","compound","C19536",
"1,1,2,2-Tetrachloroethane","compound","C19534",
"1,2-Bis(chloromethoxy)ethane","compound","C19348",
"1,2-Diamino-4-nitrobenzene","compound","C19384",
"1,2-Dibromo-3-chloropropane","compound","C14336",
"1,2-Dichlorobenzene","compound","C14328",
"1,2-Dichloroethane","compound","C06752",
"1,2-Dichloropropane","compound","C19034",
"1,2-Diethylhydrazine","compound","C19227",
"1,2-Dimethylhydrazine","compound","C19176",
"1,2-Epoxybutane","compound","C19237",
"1,2-Propylene oxide","compound","C15508",
"1,2,3-Trichloropropane","compound","C14400",
"1,2,3-Tris(chloromethoxy)propane","compound","C19544",
"1,3-Butadiene","compound","C16450","Leukaemia and/or lymphoma"
"1,3-Dichloro-2-propanol","compound","C14399",
"1,3-Dichlorobenzene","compound","C19397",
"1,3-Dichloropropene","compound","C18627",
"1,3-Dinitropyrene","compound","C19408",
"1,3-Propane sultone","compound","C19296",
"1,4-Bis(chloromethoxymethyl)benzene","compound","C19349",
"1,4-Diamino-2-nitrobenzene","compound","C19385",
"1,4-Dichlorobenzene","compound","C07092",
"1,4-Dimethylphenanthrene","compound","C19407",
"1,4-Dioxane","compound","C14440",
"1,5-Naphthalene diisocyanate","compound","C19464",
"1,5-Naphthalenediamine","compound","C19463",
"1,6-Dinitropyrene","compound","C14424",
"1,8-Dinitropyrene","compound","C14423",
"11-Aminoundecanoic acid","compound","C19325",
"11H-Benz[bc]aceanthrylene","compound","C19335",
"13H-Dibenzo[a,g]fluorene","compound","C19391",
"2-(1-Aziridinyl)ethanol","compound","C19332",
"2-Amino-4-nitrophenol","compound","C19321",
"2-Amino-5-(5-nitro-2-furyl)-1,3,4-thiadiazole","compound","C19189",
"2-Amino-5-nitrophenol","compound","C19322",
"2-Amino-5-nitrothiazole","compound","C19324",
"2-Aminoanthraquinone","compound","C14444",
"2-Butoxyethanol","compound","C19355",
"2-Chloro-1,1,1-trifluoroethane","compound","C19367",
"2-Chloronitrobenzene","compound","C14407",
"2-Ethylhexyl acrylate","compound","C19420",
"2-Hydroxybiphenyl","compound","C02499",
"2-Methyl-1-nitroanthraquinone","compound","C19264",
"2-Methylaziridine","compound","C19257",
"2-Methylchrysene","compound","C19448",
"2-Methylfluoranthene","compound","C19454",
"2-Methylimidazole","compound","C19261",
"2-Naphthylamine","compound","C02227","Urinary bladder"
"2-Nitroanisole","compound","C19270",
"2-Nitrofluorene","compound","C10923",
"2-Nitronaphthalene","compound","C19474",
"2-Nitropropane","compound","C02116",
"2-Nitropyrene","compound","C19476",
"2-Nitrotoluene","compound","C19597",
"2,2-Bis(bromomethyl)propane-1,3-diol","compound","C19199",
"2,2',5,5'-Tetrachlorobenzidine","compound","C19533",
"2,3-Dibromo-1-propanol","compound","C19224",
"2,3,4,7,8-Pentachlorodibenzofuran","compound","C18106",
"2,3,7,8-Tetrachlorodibenzodioxin","compound","C07557",
"2,4-Diaminoanisole","compound","C19218",
"2,4-Diaminotoluene","compound","C14401",
"2,4-Dinitrotoluene","compound","C11006",
"2,4-Hexadienal","compound","C19249",
"2,4-Xylidine","compound","C11003",
"2,4,5-Trimethylaniline","compound","C19539",
"2,4,6-Trimethylaniline","compound","C19540",
"2,4,6-Trinitrotoluene","compound","C16391",
"2,4'-Diphenyldiamine","compound","C19411",
"2,5-Diaminotoluene","compound","C19386",
"2,5-Xylidine","compound","C18993",
"2,6-Dichloro-para-phenylenediamine","compound","C19399",
"2,6-Dimethylaniline","compound","C11004",
"2,6-Dinitrotoluene","compound","C11008",
"3-(N-Nitrosomethylamino)propionaldehyde","compound","C19484",
"3-(N-Nitrosomethylamino)propionitrile","compound","C19280",
"3-Carbethoxypsoralen","compound","C19357",
"3-Chloro-2-methylpropene","compound","C19363",
"3-Chloro-4-(dichloromethyl)-5-hydroxy-2(5H)-furanone","compound","C19205",
"3-Methylchrysene","compound","C19449",
"3-Methylfluoranthene","compound","C19455",
"3-Monochloro-1,2-propanediol","compound","C18676",
"3-Nitrobenzanthrone","compound","C20824",
"3-Nitrofluoranthene","compound","C14406",
"3-Nitroperylene","compound","C19475",
"3-Nitrotoluene","compound","C19486",
"3,3'-Dichloro-4,4'-diaminodiphenyl ether","compound","C19226",
"3,3'-Dichlorobenzidine","compound","C19225",
"3,3'-Dimethoxybenzidine","compound","C19231",
"3,3'-Dimethoxybenzidine-4,4'-diisocyanate","compound","C19403",
"3,3'-Dimethylbenzidine","compound","C14443",
"3,3',4,4',5-Pentachlorobiphenyl","compound","C14573",
"3,4-Epoxy-6-methylcyclohexylmethyl-3,4-epoxy-6- methylcyclo-hexanecarboxylate","compound","C19417",
"3,5-Dinitrotoluene","compound","C19410",
"3,7-Dinitrofluoranthene","compound","C19234",
"3,9-Dinitrofluoranthene","compound","C19235",
"4-(N-Nitrosomethylamino)-1-(3-pyridyl)-1-butanone","compound","C16453",
"4-Amino-2-nitrophenol","compound","C19323",
"4-Aminobenzoate","compound","C00568",
"4-Aminobiphenyl","compound","C10998","Urinary bladder"
"4-Chloro-meta-phenylenediamine","compound","C19365",
"4-Chloro-meta-phenylenediamine","compound","C19365",
"4-Chloro-ortho-phenylenediamine","compound","C19207",
"4-Chloro-ortho-toluidine","compound","C19169",
"4-Chloroaniline","compound","C14450",
"4-Chloronitrobenzene","compound","C14456",
"4-Hydroxyazobenzene","compound","C19433",
"4-Methylchrysene","compound","C19450",
"4-Methylimidazole","compound","C19262",
"4-Nitrobiphenyl","compound","C19473",
"4-Nitropyrene","compound","C19276",
"4-Nitrotoluene","compound","C14394",
"4-Vinylcyclohexene","compound","C19310",
"4-Vinylcyclohexene diepoxide","compound","C19311",
"4,4'-Diaminodiphenyl ether","compound","C14759",
"4,4'-Dimethylangelicin (plus ultraviolet A radiation)","compound","C19404",
"4,4'-Methylene bis(2-methylaniline)","compound","C19260",
"4,4'-Methylene-bis-(2-chloroaniline)","compound","C10999",
"4,4'-Methylenebis(N,N-dimethylaniline)","compound","C14135",
"4,4'-Methylenedianiline","compound","C14288",
"4,4'-Methylenediphenyl diisocyanate","compound","C19453",
"4,4'-Thiodianiline","compound","C19303",
"4,4',6-Trimethylangelicin (plus ultraviolet A radiation)","compound","C19538",
"4,5'-Dimethylangelicin (plus ultraviolet A radiation)","compound","C19405",
"4,5',8-Trimethylpsoralen","compound","C09314",
"4H-Cyclopenta[def]chrysene","compound","C19380",
"5-Aminoacenaphthene","compound","C19319",
"5-Azacytidine","compound","C11262",
"5-Chloro-ortho-toluidine","compound","C19366",
"5-Fluorouracil","compound","C07649",
"5-Methoxypsoralen","compound","C01557",
"5-Methylangelicin (plus ultraviolet A radiation)","compound","C19444",
"5-Methylangelicin plus ultraviolet A radiation","environment",,
"5-Methylchrysene","compound","C19259",
"5-Nitro-o-toluidine","compound","C16398",
"5-Nitro-ortho-anisidine","compound","C19469",
"5-Nitroacenaphthene","compound","C19269",
"5,6-Cyclopenteno-1,2-benzanthracene","compound","C19381",
"6-Mercaptopurine","compound","C02380",
"6-Methylchrysene","compound","C19451",
"6-Nitrobenzo[a]pyrene","compound","C19472",
"6-Nitrochrysene","compound","C19271",
"7-Methylpyrido[3,4-c]psoralen","compound","C19458",
"7-Nitrobenz[a]anthracene","compound","C19471",
"7H-Dibenzo[c,g]carbazole","compound","C19221",
"8-Hydroxyquinoline","compound","C19434",
"9-Nitroanthracene","compound","C19470",
"A-alpha-C","compound","C19186",
"Acenaphthene","compound","C19312",
"Acepyrene","compound","C19314",
"Acetaldehyde","compound","C00084",
"Acetaldehyde associated with consumption of alcoholic beverages","mixture",,"Digestive tract;upper;oesophagus"
"Acetamide","compound","C06244",
"Acid mists, strong inorganic","environment",,"Larynx"
"Acridine orange","compound","C19315",
"Acriflavinium chloride","compound","C19554",
"Acrolein","compound","C01471",
"Acrylamide","compound","C01659",
"Acrylic acid","compound","C00511",
"Acrylic fibres","other",,
"Acrylonitrile","compound","C01998",
"Acrylonitrile-butadiene-styrene copolymers","other",,
"Actinomycin D","compound","C06770",
"Acyclovir","compound","C06810",
"Adriamycin","compound","C01661",
"AF-2","compound","C19558",
"Aflatoxin B1","compound","C06800","Liver and bile duct"
"Aflatoxin M1","compound","C16756","Liver and bile duct"
"Aflatoxins","mixture",,"Liver and bile duct"
"Agaritine","compound","C01550",
"Alcoholic beverages","other",,"Oral cavity;pharynx;oesophagus;colon and rectum;liver and bile duct;larynx;breast"
"Aldicarb","compound","C11015",
"Aldrin","compound","C07552",
"Allyl chloride","compound","C19316",
"Allyl isothiocyanate","compound","C19317",
"Allyl isovalerate","compound","C19318",
"alpha-Chlorinated toluenes","mixture",,
"alpha-Methylstyrene","compound","C14395",
"alpha-Naphthylthiourea","compound","C19136",
"Aluminium production","environment",,"Lung;urinary bladder"
"Amaranth","compound","C14760",
"Amitrole","compound","C11261",
"Ampicillin","compound","C06574",
"Amsacrine","compound","C01553",
"Anaesthetics, volatile","other",,
"Androgenic steroids","mixture",,
"Angelicin (plus ultraviolet A radiation)","compound","C09060",
"Aniline","compound","C00292",
"Anthanthrene","compound","C19327",
"Anthracene","compound","C14315",
"Anthranilate","compound","C00108",
"Anthraquinone","compound","C16207",
"Antimony trioxide","compound","C19192",
"Antimony trisulfide","compound","C19328",
"Apholate","compound","C19329",
"Aramite","compound","C19019",
"Areca nut","other",,
"Aristolochic acid","compound","C08469","Renal pelvis and ureter"
"Aristolochic acid, plants containing","mixture",,"Renal pelvis and ureter"
"Arsenic","compound","C06269","Lung;skin (malignant neoplasms except melanoma);urinary bladder"
"Arsenic and inorganic arsenic compounds","mixture",,"Lung;skin (malignant neoplasms except melanoma);urinary bladder"
"Arsenobetaine","compound","C19331",
"Arsenobetaine and other organic arsenic compounds that are not metabolized in humans","mixture",,
"Art glass, glass containers and pressed ware (manufacture of)","environment",,
"Asbestos","compound","C16442","Larynx;lung;mesothelium (pleura and peritoneum);ovary"
"Atrazine","compound","C06551",
"Auramine","compound","C19193",
"Auramine production","environment",,"Urinary bladder"
"Aurothioglucose","compound","C08193",
"Azaserine","compound","C19194",
"Azathioprine","compound","C06837","Skin (malignant neoplasms except melanoma);leukaemia and/or lymphoma"
"Aziridine","compound","C11687",
"Aziridyl benzoquinone","compound","C19333",
"Azobenzene","compound","C19334",
"Benz[a]acridine","compound","C19337",
"Benz[a]anthracene","compound","C14317",
"Benz[c]acridine","compound","C19338",
"Benz[j]aceanthrylene","compound","C19195",
"Benz[l]aceanthrylene","compound","C19336",
"Benzal chloride","compound","C19165",
"Benzene","compound","C01407","Leukaemia and/or lymphoma"
"Benzidine","compound","C16444","Urinary bladder"
"Benzidine, dyes metabolized to","environment",,
"Benzo[a]fluoranthene","compound","C19341",
"Benzo[a]fluorene","compound","C19343",
"Benzo[a]pyrene","compound","C07535",
"Benzo[b]chrysene","compound","C19339",
"Benzo[b]fluoranthene","compound","C14320",
"Benzo[b]fluorene","compound","C14384",
"Benzo[b]naphtho[2,1-d]thiophene","compound","C20124",
"Benzo[c]fluorene","compound","C19344",
"Benzo[c]phenanthrene","compound","C19197",
"Benzo[e]pyrene","compound","C14435",
"Benzo[g]chrysene","compound","C19340",
"Benzo[ghi]fluoranthene","compound","C19342",
"Benzo[ghi]perylene","compound","C14318",
"Benzo[j]fluoranthene","compound","C19196",
"Benzo[k]fluoranthene","compound","C14321",
"Benzofuran","compound","C14512",
"Benzophenone","compound","C06354",
"Benzotrichloride","compound","C19166",
"Benzoyl chloride","compound","C19168",
"Benzoyl peroxide","compound","C19346",
"Benzyl acetate","compound","C15513",
"Benzyl chloride","compound","C19167",
"Benzyl violet 4B","compound","C19198",
"Beryllium","compound","C16460","Lung"
"Beryllium and beryllium compounds","mixture",,"Lung"
"beta-Butyrolactone","compound","C19201",
"Betel quid with tobacco","mixture",,"Oral cavity;pharynx;oesophagus"
"Betel quid without tobacco","mixture",,"Oral cavity;oesophagus"
"Biomass fuel (primarily wood), indoor emissions from household combustion of","environment",,
"Bis(1-aziridinyl)morpholinophosphine sulfide","compound","C19347",
"Bis(2-chloro-1-methylethyl)ether","compound","C19350",
"Bis(2-chloroethyl)ether","compound","C14688",
"Bis(2-ethylhexyl)phthalate","compound","C03690",
"Bis(2,3-epoxycyclopentyl)ether","compound","C19351",
"Bis(chloromethyl) ether","compound","C19158","Lung"
"Bisphenol A diglycidyl ether","compound","C14348",
"Bisulfites","mixture",,
"Bitumens, occupational exposure to hard bitumens and their emissions during mastic asphalt work","mixture",,
"Bitumens, occupational exposure to oxidized bitumens and their emissions during roofing","mixture",,
"Bitumens, occupational exposure to straight-run bitumens and their emissions during road paving","mixture",,
"BK polyomavirus (BKV)","infection",,
"Bleomycin","compound","C15773",
"Bracken fern","other",,
"Brilliant Blue","compound","C19352",
"Bromochloroacetic acid","compound","C19212",
"Bromochloroacetonitrile","compound","C19353",
"Bromodichloromethane","compound","C14708",
"Bromoethane","compound","C19354",
"Bromoform","compound","C14707",
"Busulfan","compound","C06862","Leukaemia and/or lymphoma"
"Butyl acrylate","compound","C10921",
"Butylated hydroxyanisole","compound","C15469",
"Butylbenzyl phthalate","compound","C14211",
"Butylhydroxytoluene","compound","C14693",
"C06593  epsilon-Caprolactam","other",,
"Cadmium","compound","C01413","Lung"
"Cadmium and cadmium compounds","mixture",,"Lung"
"Caffeate","compound","C01481",
"Caffeine","compound","C07481",
"Calcium carbide production","environment",,
"Cantharidin","compound","C16778",
"Captafol","compound","C18754",
"Captan","compound","C14438",
"Carbaryl","compound","C07491",
"Carbazole","compound","C08060",
"Carbon black","compound","C19202",
"Carbon electrode manufacture","environment",,
"Carbon tetrachloride","compound","C07561",
"Carmoisine","compound","C19358",
"Carmustine","compound","C06873",
"Carpentry and joinery","environment",,
"Carrageenan, native","compound","C08818",
"Catechol","compound","C00090",
"Chloral","compound","C14866",
"Chloral hydrate","compound","C06899",
"Chlorambucil","compound","C06900","Leukaemia and/or lymphoma"
"Chloramine","compound","C19359",
"Chloramphenicol","compound","C00918",
"Chlordane","compound","C14176",
"Chlordecone","compound","C01792",
"Chlordimeform","compound","C14746",
"Chlorendic acid","compound","C19204",
"Chlorinated drinking-water","other",,
"Chlorinated paraffins of average carbon chain length C12 and average degree of chlorination approximately 60%","mixture",,
"Chlornaphazine","compound","C16446","Urinary bladder"
"Chloroacetonitrile","compound","C19360",
"Chlorobenzilate","compound","C14574",
"Chlorodibromomethane","compound","C14692",
"Chlorodifluoromethane","compound","C19361",
"Chloroethane","compound","C18248",
"Chlorofluoromethane","compound","C19362",
"Chloroform","compound","C13827",
"Chloromethyl methyl ether","compound","C19160","Lung"
"Chloronitrobenzenes","mixture",,
"Chlorophenoxy herbicides","mixture",,
"Chloroprene","compound","C19208",
"Chloroquine","compound","C07625",
"Chlorothalonil","compound","C11037",
"Chlorozotocin","compound","C19170",
"Chlorpropham","compound","C14506",
"Cholesterol","compound","C00187",
"Chromium (III)","compound","C19368",
"Chromium (III) compounds","mixture",,
"Chromium (VI)","compound","C19161","Lung"
"Chromium (VI) compounds","mixture",,"Lung"
"Chromium, metallic","compound","C06268",
"Chrysene","compound","C14222",
"Chrysoidine","compound","C19369",
"CI Acid Orange 20","compound","C19371",
"CI Acid Orange 3","compound","C19370",
"CI Acid red 114","compound","C19209",
"CI Basic red 9","compound","C19210",
"CI Direct Blue 15","compound","C19213",
"CI Orange G","compound","C19372",
"CI Pigment Red 3","compound","C19373",
"Cimetidine","compound","C06952",
"Cinnamyl anthranilate","compound","C19374",
"cis-9,10-Epoxystearic acid","compound","C19418",
"Cisplatin","compound","C06911",
"Citrinin","compound","C16765",
"Citrus Red No.2","compound","C19214",
"Clofibrate","compound","C06916",
"Clomiphene citrate","compound","C08161",
"Clonorchis sinensis (infection with)","infection",,"Liver and bile duct"
"Coal dust","other",,
"Coal gasification","environment",,"Lung"
"Coal-tar distillation","environment",,"Skin (malignant neoplasms except melanoma)"
"Coal-tar pitch","compound","C16451","Lung;skin (malignant neoplasms except melanoma)"
"Coal, indoor emissions from household combustion of","environment",,"Lung"
"Cobalt","compound","C19171",
"Cobalt and cobalt compounds","mixture",,
"Cobalt metal with tungsten carbide","mixture",,
"Cobalt metal without tungsten carbide","mixture",,
"Cobalt sulfate","compound","C19215",
"Cobalt sulfate and other soluble cobalt(II) salts","mixture",,
"Coconut oil diethanolamine condensate","mixture",,
"Coffee (urinary bladder)","other",,
"Coke production","environment",,"Lung"
"Compound","other",,
"Copper 8-hydroxyquinoline","compound","C18879",
"Coronene","compound","C19375",
"Coumarin","compound","C05851",
"Creosotes","compound","C19172",
"Crotonaldehyde","compound","C19377",
"Crude oil","mixture",,
"Crystalline silica","compound","C16459","Lung"
"Cumene","compound","C14396",
"Cycasin","compound","C01418",
"Cyclamate","compound","C19378",
"Cyclochlorotine","compound","C19379",
"Cyclohexanone","compound","C00414",
"Cyclopenta[cd]pyrene","compound","C19173",
"Cyclophosphamide","compound","C07888","Urinary bladder;leukaemia and/or lymphoma"
"Cyclophosphamide hydrate","compound","C06933","Urinary bladder;leukaemia and/or lymphoma"
"Cyclosporin A","compound","C05086","Skin (malignant neoplasms except melanoma);leukaemia and/or lymphoma;multiple sites (unspecified)"
"D and C Red No. 9","compound","C19382",
"d-Limonene","compound","C06099",
"Dacarbazine","compound","C06936",
"Danthron","compound","C10312",
"Dapsone","compound","C07666",
"Daunorubicin","compound","C01907",
"DDT","compound","C04623",
"Decabromodiphenyl oxide","compound","C19383",
"Deltamethrin","compound","C10985",
"Deoxynivalenol","compound","C09747",
"Di(2-ethylhexyl) adipate","compound","C14240",
"Di(2-ethylhexyl)phthalate","compound","C03690",
"Diacetylaminoazotoluene","compound","C17380",
"Diallat","compound","C19094",
"Diazepam","compound","C06948",
"Diazomethane","compound","C19387",
"Dibenz[a,c]anthracene","compound","C19388",
"Dibenz[a,h]acridine","compound","C19219",
"Dibenz[a,h]anthracene","compound","C14325",
"Dibenz[a,j]acridine","compound","C19220",
"Dibenz[a,j]anthracene","compound","C19389",
"Dibenz[c,h]acridine","compound","C20122",
"Dibenzo-p-dioxin","compound","C07732",
"Dibenzo[a,e]fluoranthene","compound","C19390",
"Dibenzo[a,e]pyrene","compound","C19393",
"Dibenzo[a,h]pyrene","compound","C19222",
"Dibenzo[a,i]pyrene","compound","C19223",
"Dibenzo[a,l]pyrene","compound","C19174",
"Dibenzo[e,l]pyrene","compound","C19394",
"Dibenzo[h,rst]pentaphene","compound","C19392",
"Dibenzothiophene","compound","C20125",
"Dibromoacetic acid","compound","C20123",
"Dibromoacetonitrile","compound","C19396",
"Dichloroacetate","compound","C11149",
"Dichloroacetonitrile","compound","C19395",
"Dichloroacetylene","compound","C11089",
"Dichloromethane","compound","C02271",
"Dichlorvos","compound","C14430",
"Dicofol","compound","C14301",
"Didanosine","compound","C06953",
"Dieldrin","compound","C13718",
"Diesel fuel, marine","environment",,
"Diesel fuels, distillate (light)","other",,
"Diethanolamine","compound","C06772",
"Diethyl sulfate","compound","C14706",
"Diethylstilbestrol","compound","C07620","Breast;vagina;uterine cervix"
"Diglycidyl resorcinol ether","compound","C19228",
"Dihydroaceanthrylene","compound","C19401",
"Dihydrosafrole","compound","C19229",
"Dihydroxymethylfuratrizine","compound","C19289",
"Diisopropyl sulfate","compound","C19230",
"Dimethoxane","compound","C19402",
"Dimethyl hydrogen phosphite","compound","C19406",
"Dimethyl sulfate","compound","C19177",
"Dimethylarsinate","compound","C07308",
"Dimethylcarbamoyl chloride","compound","C19175",
"Dinitrosopentamethylenetetramine","compound","C19409",
"Disperse Blue 1","compound","C19236",
"Disperse Yellow 3","compound","C19412",
"Disulfiram","compound","C01692",
"Dithranol","compound","C06831",
"Doxefazepam","compound","C19413",
"Doxylamine succinate","compound","C19414",
"Droloxifene","compound","C14296",
"Dry cleaning (occupational exposures in)","environment",,
"Dulcin","compound","C19415",
"Electric fields, extremely low-frequency","environment",,
"Electric fields, static","environment",,
"Endrin","compound","C18124",
"Engine exhaust, diesel","environment",,"Lung"
"Engine exhaust, diesel","environment",,"Lung"
"Engine exhaust, gasoline","environment",,
"Eosin","compound","C19416",
"Epichlorohydrin","compound","C14449",
"Epstein-Barr virus","infection",,"Nasopharynx;leukaemia and/or lymphoma"
"Erionite","compound","C19163","Mesothelium (pleura and peritoneum)"
"Estazolam","compound","C06981",
"Estrogen therapy, postmenopausal","other",,"Endometrium;ovary"
"Estrogen-progestogen menopausal therapy (combined)","other",,"Breast;endometrium"
"Estrogen-progestogen oral contraceptives (combined)","other",,"Liver and bile duct;breast;uterine cervix"
"Ethanol","compound","C00469",
"Ethanol in alcoholic beverages","environment",,
"Ethionamide","compound","C07665",
"Ethyl acrylate","compound","C19238",
"Ethyl carbamate","compound","C01537",
"Ethyl methanesulfonate","compound","C19239",
"Ethyl selenac","compound","C19421",
"Ethyl tellurac","compound","C19570",
"Ethylbenzene","compound","C07111",
"Ethylene","compound","C06547",
"Ethylene dibromide","compound","C11088",
"Ethylene oxide","compound","C06548",
"Ethylene sulfide","compound","C19419",
"Ethylenethiourea","compound","C14398",
"Etoposide (in combination with cisplatin and bleomycin)","compound","C01576","Leukaemia and/or lymphoma"
"Etoposide in combination with cisplatin and bleomycin","mixture",,"Leukaemia and/or lymphoma"
"Eugenol","compound","C10453",
"Evans blue","compound","C19422",
"Fast Green FCF","compound","C19423",
"Fenaminosulf","compound","C18937",
"Fenvalerate","compound","C10988",
"Ferbam","compound","C11223",
"Ferric oxide","compound","C19424",
"Firefighter (occupational exposure as a)","environment",,
"Fission products, including strontium-90","mixture",,"Leukaemia and/or lymphoma;multiple sites (unspecified)"
"Flat-glass and specialty glass (manufacture of)","other",,
"Fluometuron","compound","C18853",
"Fluoranthene","compound","C19425",
"Fluorene","compound","C07715",
"Fluorescent lighting","other",,
"Fluorides (inorganic, used in drinking-water)","environment",,
"Formaldehyde","compound","C00067","Nasopharynx;leukaemia and/or lymphoma"
"Fuel oils, distillate (light)","other",,
"Fuel oils, residual (heavy)","environment",,
"Fumonisin B1","compound","C19241",
"Fumonisin B2","compound","C19242",
"Furan","compound","C14275",
"Furazolidone","compound","C07999",
"Furfural","compound","C14279",
"Furosemide","compound","C07017",
"Fusarenone X","compound","C19583",
"Fusarin C","compound","C19243",
"Fusarium graminearum, F. culmorum, and F. crookwellense, toxins derived from (zearalenone,deoxynivalenol, nivalenol, and fusarenone X)","other",,
"Fusarium moniliforme, toxins derived from (fumonisin B1, fumonisin B2, and fusarin C)","mixture",,
"Fusarium sporotrichioides, toxins derived from (T-2 toxin)","other",,
"gamma-Butyrolactone","compound","C01770",
"Gasoline","environment",,
"Gemfibrozil","compound","C07020",
"Glass filament, continuous","other",,
"Glu-P-1","compound","C19244",
"Glu-P-2","compound","C19245",
"Glycidaldehyde","compound","C19246",
"Glycidol","compound","C10920",
"Glycidyl oleate","compound","C19426",
"Glycidyl stearate","compound","C19427",
"Griseofulvin","compound","C06686",
"Guinea Green B","compound","C19428",
"Gyromitrin","compound","C08305",
"Haematite mining (underground)","environment",,
"Hair colouring products (personal use of)","environment",,
"Hairdresser or barber (occupational exposure as a)","environment",,
"HC Blue No. 2","compound","C19429",
"HC Blue No.1","compound","C19247",
"HC Red No. 3","compound","C19430",
"HC Yellow No. 4","compound","C19431",
"Helicobacter pylori (infection with) [GN:hpy hpj hpa]","infection",,"Stomach;leukaemia and/or lymphoma"
"Hematite","compound","C19555","Lung"
"Hepatitis B virus (chronic infection with)","infection",,"Liver and bile duct"
"Hepatitis C virus (chronic infection with)","infection",,"Liver and bile duct;leukaemia and/or lymphoma"
"Hepatitis D virus","infection",,
"Heptachlor","compound","C14185",
"Hexachlorobenzene","compound","C11042",
"Hexachlorobutadiene","compound","C11091",
"Hexachlorocyclohexanes","mixture",,
"Hexachloroethane","compound","C19248",
"Hexachlorophene","compound","C08039",
"Hexamethylphosphoramide","compound","C19250",
"Hg","compound","C01319",
"Human immunodeficiency virus type 1 (infection with)","infection",,"Anus;endothelium (Kaposi sarcoma);uterine cervix;eye;leukaemia and/or lymphoma"
"Human immunodeficiency virus type 2 (infection with)","infection",,
"Human papillomavirus genus beta (except types 5 and 8) and genus gamma","infection",,
"Human papillomavirus type 6 and 11","infection",,
"Human papillomavirus type 68","infection",,
"Human papillomavirus types 16, 18, 31, 33, 35, 39, 45,51, 52, 56, 58, 59","infection",,"Oral cavity;tonsil;pharynx;anus;vulva;vagina;uterine cervix;penis (type 16)"
"Human papillomavirus types 26, 53, 66, 67, 70, 73, 82","infection",,
"Human papillomavirus types 30, 34, 69, 85, 97","infection",,
"Human papillomavirus types 5 and 8 (in patients with epidermodysplasia verruciformis)","infection",,
"Human T-cell lymphotropic virus type I","infection",,"Leukaemia and/or lymphoma"
"Human T-cell lymphotropic virus type II","infection",,
"Hycanthone mesylate","compound","C19432",
"Hydralazine","compound","C07040",
"Hydrazine","compound","C05361",
"Hydrochloric acid","compound","C01327",
"Hydrochlorothiazide","compound","C07041",
"Hydrogen peroxide","compound","C00027",
"Hydroquinone","compound","C00530",
"Hydroxysenkirkine","compound","C19435",
"Hydroxyurea","compound","C07044",
"Hypochlorite salts","mixture",,
"Indeno[1,2,3-cd]pyrene","compound","C19251",
"Indium phosphide","compound","C19179",
"Insulation glass wool","other",,
"Ionizing radiation (all types)","environment",,
"IQ","compound","C19180",
"Iron and steel founding (occupational exposure during)","environment",,"Lung"
"Iron dextran","compound","C13774",
"Iron sorbitex","compound","C19437",
"Iron sorbitol-citric acid complex","mixture",,
"Iron-dextrin complex","compound","C19436",
"Isatidine","compound","C10333",
"Isoniazid","compound","C07054",
"Isophosphamide","compound","C07047",
"Isoprene","compound","C16521",
"Isopropyl alcohol","compound","C01845",
"Isopropyl alcohol manufacture using strong acids","environment",,"Nasal cavity and paranasal sinus"
"Isopropyl oils","mixture",,
"Isosafrole","compound","C10472",
"Jacobine","compound","C10339",
"JC polyomavirus (JCV)","infection",,
"Jet fuel","mixture",,
"Kaempferol","compound","C05903",
"Kaposi sarcoma herpesvirus","infection",,"Endothelium (Kaposi sarcoma);leukaemia and/or lymphoma"
"Kojic acid","compound","C14516",
"Lasiocarpine","compound","C10341",
"Lauroyl peroxide","compound","C19438",
"Lead","compound","C06696",
"Lead compounds, inorganic","mixture",,
"Lead compounds, organic","mixture",,
"Leather dust","environment",,"Nasal cavity and paranasal sinus"
"Leather goods manufacture","environment",,
"Leather tanning and processing","environment",,
"Levofuraltadone","compound","C19267",
"Light Green SF","compound","C19439",
"Lomustine","compound","C07079",
"Lumber and sawmill industries (including logging)","environment",,
"Luteoskyrin","compound","C16763",
"Madder root (Rubia tinctorum)","other",,
"Magenta","compound","C19252",
"Magenta production","environment",,"Urinary bladder"
"Magnetic fields, extremely low-frequency","mixture",,
"Magnetic fields, static","other",,
"Malaria","infection",,
"Malathion","compound","C07497",
"Maleic hydrazide","compound","C18474",
"Malonaldehyde","compound","C19440",
"Maneb","compound","C15231",
"Mannomustine dihydrochloride","compound","C19441",
"Mate","other",,
"Mate, hot","other",,
"MeA-alpha-C","compound","C19253",
"Medphalan","compound","C19442",
"Medroxyprogesterone acetate","compound","C08150",
"MeIQ","compound","C19254",
"MeIQx","compound","C19255",
"Melamine","compound","C08737",
"Melphalan","compound","C07122","Leukaemia and/or lymphoma"
"Mercury and inorganic mercury compounds","mixture",,
"Merkel cell polyomavirus (MCV)","infection",,
"Merphalan","compound","C19256",
"meta-Cresidine","compound","C19376",
"meta-Phenylenediamine","compound","C02454",
"Metabisulfites","mixture",,
"Methimazole","compound","C07190",
"Methotrexate","compound","C01937",
"Methoxsalen (8-methoxypsoralen) plus ultraviolet A radiation","environment",,
"Methoxsalen (plus ultraviolet A radiation)","compound","C01864","Skin (malignant neoplasms except melanoma)"
"Methoxychlor","compound","C11043",
"Methyl acrylate","compound","C19443",
"Methyl bromide","compound","C18447",
"Methyl carbamate","compound","C19445",
"Methyl chloride","compound","C19446",
"Methyl iodide","compound","C18448",
"Methyl isobutyl ketone","compound","C19263",
"Methyl methacrylate","compound","C14527",
"Methyl methanesulfonate","compound","C19181",
"Methyl parathion","compound","C14228",
"Methyl red","compound","C19459",
"Methyl selenac","compound","C19460",
"Methyl tert-butyl ether","compound","C11344",
"Methylarsonate","compound","C07294",
"Methylazoxymethanol acetate","compound","C19258",
"Methyleugenol","compound","C10454",
"Methylglyoxal","compound","C00546",
"Methylmercury compounds","mixture",,
"Methylthiouracil","compound","C19265",
"Metronidazole","compound","C07203",
"Michler's ketone","compound","C19266",
"Microcystin-LR","compound","C05371",
"Microcystis extracts","other",,
"Mineral oils, highly-refined","other",,
"Mineral oils, untreated or mildly treated","other",,"Skin (malignant neoplasms except melanoma)"
"Mirex","compound","C14184",
"Mitomycin","compound","C06681",
"Mitoxantrone","compound","C11195",
"Modacrylic fibres","other",,
"Monocrotaline","compound","C10350",
"Monuron","compound","C19087",
"MOPP and other combined chemotherapy including alkylating agents","other",,"Lung;leukaemia and/or lymphoma"
"Morpholine","compound","C14452",
"Musk ambrette","compound","C19461",
"Musk xylene","compound","C19462",
"N-[4-(5-Nitro-2-furyl)-2-thiazolyl]acetamide","compound","C19273",
"N-Methyl-N-nitrosourea","compound","C14595",
"N-Methyl-N-nitrosourethane","compound","C19301",
"N-Methyl-N,4-dinitrosoaniline","compound","C19452",
"N-Methyl-N'-nitro-N-nitrosoguanidine","compound","C14592",
"N-Methylolacrylamide","compound","C19456",
"N-Nitroso-N-ethylurea","compound","C19178",
"N-Nitrosodi-n-butylamine","compound","C19277",
"N-Nitrosodi-n-propylamine","compound","C19279",
"N-Nitrosodiethanolamine","compound","C19278",
"N-Nitrosodiethylamine","compound","C14422",
"N-Nitrosodimethylamine","compound","C14704",
"N-Nitrosodiphenylamine","compound","C14742",
"N-Nitrosofolic acid","compound","C19480",
"N-Nitrosoguvacine","compound","C19481",
"N-Nitrosoguvacoline","compound","C19482",
"N-Nitrosohydroxyproline","compound","C19483",
"N-Nitrosomethylethylamine","compound","C19281",
"N-Nitrosomethylvinylamine","compound","C19282",
"N-Nitrosomorpholine","compound","C19283",
"N-Nitrosopiperidine","compound","C19284",
"N-Nitrosoproline","compound","C19485",
"N-Nitrosopyrrolidine","compound","C19285",
"N-Nitrososarcosine","compound","C19286",
"N-Phenyl-2-naphthylamine","compound","C14694",
"n-Propyl carbamate","compound","C19514",
"N-Vinyl-2-pyrrolidone","compound","C19548",
"N,N-Dimethylaniline","compound","C02846",
"N,N-Dimethylformamide","compound","C03134",
"N,N'-Diacetylbenzidine","compound","C19217",
"N,N'-Diethylthiourea","compound","C19400",
"N'-Nitrosoanabasine","compound","C19477",
"N'-Nitrosoanatabine","compound","C19478",
"N'-Nitrosonornicotine","compound","C16452",
"Nafenopin","compound","C11371",
"Naphthalene","compound","C00829",
"Naphtho[1,2-b]fluoranthene","compound","C19465",
"Naphtho[2,1-a]fluoranthene","compound","C19466",
"Naphtho[2,3-e]pyrene","compound","C19467",
"Neutron radiation","environment",,
"Nickel","compound","C00291","Nasal cavity and paranasal sinus;lung"
"Nickel compounds","mixture",,"Nasal cavity and paranasal sinus;lung"
"Nickel, metallic and alloys","mixture",,
"Nifuradene","compound","C19272",
"Nifurthiazole","compound","C19240",
"Niridazole","compound","C19268",
"Nithiazide","compound","C19468",
"Nitrate or nitrite (ingested) under conditions that result in endogenous nitrosation","environment",,
"Nitrilotriacetic acid","compound","C14695",
"Nitrobenzene","compound","C06813",
"Nitrofen","compound","C11065",
"Nitrofurantoin","compound","C07268",
"Nitrofurazone","compound","C08042",
"Nitrogen mustard","compound","C07115",
"Nitrogen mustard N-oxide","compound","C19274",
"Nitromethane","compound","C19275",
"Nitrotoluenes","mixture",,
"Nitrovin","compound","C19487",
"Nivalenol","compound","C06080",
"Nodularin","compound","C15713",
"Non-arsenical insecticides (occupational exposures in spraying and application of)","mixture",,
"Nylon 6","compound","C19492",
"o-Toluidine","compound","C14403","Urinary bladder"
"Ochratoxin A","compound","C09955",
"Oestradiol mustard","compound","C19493",
"Oil Orange SS","compound","C19287",
"Opisthorchis felineus (infection with)","infection",,
"Opisthorchis viverrini (infection with)","infection",,"Liver and bile duct"
"ortho-Aminoazotoluene","compound","C19188",
"ortho-Anisidine","compound","C19191",
"Oxazepam","compound","C07359",
"Oxyphenbutazone","compound","C19494",
"Paint manufacture (occupational exposure in)","environment",,
"Painter (occupational exposure as a)","environment",,"Lung;mesothelium (pleura and peritoneum);urinary bladder"
"Palygorskite (fibre < 5 micrometres)","compound","C19288",
"Palygorskite (fibre > 5 micrometres)","compound","C19288",
"Panfuran S","compound","C19289",
"para-(Dimethylamino)azobenzene","compound","C03764",
"para-Aminoazobenzene","compound","C19187",
"para-Anisidine","compound","C19326",
"para-Aramid fibrils","compound","C19330",
"para-Benzoquinone dioxime","compound","C19345",
"para-Cresidine","compound","C19216",
"para-Nitrosodiphenylamine","compound","C19479",
"para-Phenylenediamine","compound","C19499",
"para-Quinone","compound","C00472",
"Paracetamol","compound","C06804",
"Parasorbic acid","compound","C08502",
"Parathion","compound","C06604",
"Patent blue","compound","C13725",
"Patulin","compound","C16748",
"Penicillic acid","compound","C19495",
"Pentachloroethane","compound","C19496",
"Permethrin","compound","C14388",
"Perylene","compound","C19497",
"Petasitenine","compound","C10359",
"Petroleum refining (occupational exposures in)","environment",,
"Petroleum solvents","other",,
"Phenacetin","compound","C07591","Renal pelvis and ureter"
"Phenacetin, analgesic mixtures containing","mixture",,"Renal pelvis and ureter"
"Phenanthrene","compound","C11422",
"Phenazopyridine hydrochloride","compound","C19290",
"Phenelzine sulfate","compound","C07431",
"Phenicarbazide","compound","C19498",
"Phenobarbital","compound","C07434",
"Phenol","compound","C00146",
"Phenolphthalein","compound","C14286",
"Phenoxybenzamine hydrochloride","compound","C07436",
"Phenyl glycidyl ether","compound","C19291",
"Phenylbutazone","compound","C07440",
"Phenytoin","compound","C07443",
"PhIP","compound","C16038",
"Phosphorus-32","compound","C19162","Leukaemia and/or lymphoma"
"Picene","compound","C19500",
"Pickled vegetables (traditional in Asia)","other",,
"Picloram","compound","C14310",
"Piperonyl butoxide","compound","C18880",
"Plutonium","compound","C19159","Liver and bile duct;lung;bone"
"Poligeenan","compound","C19203",
"Polyacrylic acid","compound","C19501",
"Polybrominated biphenyls","mixture",,
"Polychlorinated biphenyls","mixture",,
"Polychlorinated dibenzo-para-dioxins (other than 2,3,7,8- tetrachlorodibenzo-para-dioxin)","mixture",,
"Polychlorinated dibenzofurans","mixture",,
"Polychlorophenols and their sodium salts (mixed exposures)","mixture",,
"Polychloroprene","compound","C19502",
"Polyethylene","compound","C19503",
"Polymethyl methacrylate","compound","C19504",
"Polymethylene polyphenyl isocyanate","compound","C19571",
"Polypropylene","compound","C19505",
"Polystyrene","compound","C19506",
"Polytetrafluoroethylene","compound","C19507",
"Polyurethane foams","compound","C19598",
"Polyvinyl acetate","compound","C12282",
"Polyvinyl alcohol","compound","C00980",
"Polyvinyl chloride","compound","C19508",
"Polyvinyl pyrrolidone","compound","C19509",
"Ponceau 3R","compound","C19293",
"Ponceau MX","compound","C19294",
"Ponceau SX","compound","C19510",
"Potassium bis(2-hydroxyethyl)dithiocarbamate","compound","C19511",
"Potassium bromate","compound","C19295",
"Prazepam","compound","C07366",
"Prednimustine","compound","C19512",
"Prednisone","compound","C07370",
"Printing inks","other",,
"Printing processes (occupational exposures in)","environment",,
"Procarbazine hydrochloride","compound","C07376",
"Proflavine salts","other",,
"Progestins","mixture",,
"Progestogen-only contraceptives","mixture",,
"Pronetalol hydrochloride","compound","C19513",
"Propham","compound","C18887",
"Propiolactone","compound","C19297",
"Propylene","compound","C11505",
"Propylthiouracil","compound","C07569",
"Ptaquiloside","compound","C19515",
"Pulp and paper manufacture","environment",,
"Pyrene","compound","C14335",
"Pyridine","compound","C00747",
"Pyrido[3,4-c]psoralen","compound","C19516",
"Pyrimethamine","compound","C07391",
"Quercetin","compound","C00389",
"Quintozene","compound","C14338",
"Radiofrequency electromagnetic fields","environment",,
"Radioiodines, including iodine-131","environment",,"Thyroid"
"Radionuclides, alpha-particle-emitting, internally deposited","environment",,
"Radionuclides, beta-particle-emitting, internally deposited","environment",,
"Radium-224","compound","C16455","Bone"
"Radium-224 and its decay products","mixture",,"Bone"
"Radium-226","compound","C16456","Bone;Nasal cavity and paranasal sinus"
"Radium-226 and its decay products","mixture",,"Bone;Nasal cavity and paranasal sinus"
"Radium-228","compound","C16457","Bone;Nasal cavity and paranasal sinus"
"Radium-228 and its decay products","mixture",,"Bone;Nasal cavity and paranasal sinus"
"Radon-222","compound","C16454","Lung"
"Radon-222 and its decay products","mixture",,"Lung"
"Refractory ceramic fibres","environment",,
"Reserpine","compound","C06539",
"Resorcinol","compound","C01751",
"Retrorsine","compound","C10364",
"Rhodamine 6G","compound","C11177",
"Rhodamine B","compound","C19517",
"Riddelline","compound","C10375",
"Rifampicin","compound","C06688",
"Ripazepam","compound","C19518",
"Rock (stone) wool","other",,
"Rubber manufacturing industry","environment",,"Stomach;lung;urinary bladder;leukaemia and/or lymphoma"
"Rugulosin","compound","C16764",
"Saccharated iron oxide","compound","C19519",
"Saccharin","compound","C12283",
"Safrole","compound","C10490",
"Salted fish, Chinese-style","other",,"Nasopharynx"
"Scarlet Red","compound","C19520",
"Schistosoma haematobium (infection with)","infection",,"Urinary bladder"
"Schistosoma japonicum (infection with)","infection",,
"Schistosoma mansoni (infection with) [GN:smm]","infection",,
"Selenium","compound","C01529",
"Selenium and selenium compounds","mixture",,
"Semicarbazide hydrochloride","compound","C19521",
"Semustine","compound","C07640","Leukaemia and/or lymphoma"
"Seneciphylline","compound","C10391",
"Senkirkine","compound","C10396",
"Sepiolite","compound","C19522",
"Shale oils","compound","C16458","Skin (malignant neoplasms except melanoma)"
"Shale oils","mixture",,
"Shiftwork that involves circadian disruption","environment",,
"Shikimate","compound","C00493",
"Silica dust, crystalline, in the form of quartz or cristobalite","mixture",,"Lung"
"Silica, amorphous","compound","C19572",
"Simazine","compound","C11172",
"Slag wool","other",,
"Sodium chlorite","compound","C19523",
"Sodium diethyldithiocarbamate","compound","C19599",
"Sodium ortho-phenylphenate","compound","C19298",
"Solar radiation","environment",,"Skin (melanoma);skin (malignant neoplasms except melanoma)"
"Soot (as found in occupational exposure of chimney sweeps)","environment",,"Lung;skin (malignant neoplasms except melanoma)"
"Special-purpose fibres such as E-glass and '475' glass fibres","other",,
"Spironolactone","compound","C07310",
"Sterigmatocystin","compound","C00961",
"Streptozocin","compound","C07313",
"Styrene","compound","C07083",
"Styrene oxide","compound","C02083",
"Styrene-acrylonitrile copolymers","compound","C19573",
"Styrene-butadiene copolymers","compound","C19575",
"Succinic anhydride","compound","C19524",
"Sudan Brown RR","compound","C19528",
"Sudan I","compound","C19525",
"Sudan II","compound","C19526",
"Sudan III","compound","C19527",
"Sudan Red 7B","compound","C19529",
"Sulfallate","compound","C19096",
"Sulfamethazine","compound","C19530",
"Sulfamethoxazole","compound","C07315",
"Sulfisoxazole","compound","C07318",
"Sulfites","other",,
"Sulfur dioxide","compound","C09306",
"Sulfur mustard","compound","C19164","Lung"
"Sunset Yellow FCF","compound","C19531",
"Surgical implants and other foreign bodies","other",,
"SV40 polyomavirus","infection",,
"Symphytine","compound","C10409",
"T-2 Toxin","compound","C09738",
"Talc","compound","C19292",
"Talc not containing asbestos or asbestiform fibres","mixture",,
"Talc-based body powder (perineal use of)","mixture",,
"Tamoxifen","compound","C07108","Endometrium"
"Tannic acid","compound","C13452",
"Tea","other",,
"Temazepam","compound","C07125",
"Teniposide","compound","C11153",
"Terpene polychlorinates","compound","C19532",
"Tetrachloroethene","compound","C06789",
"Tetrachlorvinphos","compound","C14513",
"Tetrafluoroethylene","compound","C19299",
"Tetrakis(hydroxymethyl)phosphonium salts","mixture",,
"Tetranitromethane","compound","C19300",
"Textilemanufacturing industry (work in)","environment",,
"Theobromine","compound","C07480",
"Theophylline","compound","C07130",
"Thioacetamide","compound","C19302",
"Thiotepa","compound","C07641","Leukaemia and/or lymphoma"
"Thiouracil","compound","C19304",
"Thiourea","compound","C14415",
"Thiram","compound","C11160",
"Thorium-232","compound","C19157","Liver and bile duct;gallbladder;leukaemia and/or lymphoma"
"Thorium-232 and its decay products","mixture",,"Liver and bile duct;gallbladder;leukaemia and/or lymphoma"
"Titanium dioxide","compound","C13409",
"Tobacco smoke,second-hand","other",,"Lung"
"Tobacco smoking","other",,"Oral cavity;pharynx;nasopharynx;oesophagus;stomach;colon and rectum;liver and bile duct;pancreas;nasal cavity and paranasal sinus;larynx;lung;uterine cervix;ovary;kidney;renal pelvis and ureter;urinary bladder;leukaemia and/or lymphoma"
"Tobacco, smokeless","other",,"Oral cavity;oesophagus;pancreas"
"Toluene","compound","C01455",
"Toluene diisocyanates","compound","C19560",
"Toremifene","compound","C08166",
"Toxaphene","compound","C15470",
"trans-1,4-Dichlorobutene","compound","C19398",
"trans-2-[(Dimethylamino)methylimino]-5-[2-(5-nitro-2- furyl)-vinyl]-1,3,4-oxadiazole","compound","C19232",
"Treosulfan","compound","C19557","Leukaemia and/or lymphoma"
"Triaziquone","compound","C19542",
"Trichlorfon","compound","C07971",
"Trichlormethine","compound","C19305",
"Trichloroacetate","compound","C11150",
"Trichloroacetonitrile","compound","C19535",
"Trichloroethene","compound","C06790","Kidney"
"Triethanolamine","compound","C06771",
"Triethylene glycol diglycidyl ether","compound","C19537",
"Triethylenemelamine","compound","C07642",
"Trifluralin","compound","C14343",
"Triphenylene","compound","C19541",
"Tris(1-aziridinyl)phosphine oxide","compound","C19543",
"Tris(2-chloroethyl)phosphate","compound","C14445",
"Tris(2-methyl-1-aziridinyl)phosphine oxide","compound","C19556",
"Tris(2,3-dibromopropyl) phosphate","compound","C19182",
"Trp-P-1","compound","C19306",
"Trp-P-2","compound","C14416",
"Trypan Blue","compound","C19307",
"Ultraviolet radiation (wavelengths 100-400 nm, encompassing UVA, UVB, and UVC)","environment",,
"Ultraviolet-emitting tanning devices","environment",,"Skin (melanoma);eye"
"Uracil mustard","compound","C11686",
"Vanadium pentoxide","compound","C19308",
"Vat Yellow 4","compound","C19545",
"Vinblastine sulfate","compound","C11626",
"Vincristine sulfate","compound","C13974",
"Vinyl acetate","compound","C19309",
"Vinyl bromide","compound","C19184",
"Vinyl chloride","compound","C06793","Liver and bile duct"
"Vinyl chloride-vinyl acetate copolymer","compound","C19546",
"Vinyl fluoride","compound","C19185",
"Vinyl toluene","compound","C19549",
"Vinylidene chloride","compound","C14039",
"Vinylidene chloride-vinyl chloride copolymer","compound","C18992",
"Vinylidene chloride-vinyl chloride copolymers","mixture",,
"Vinylidene fluoride","compound","C19547",
"Vitamin K","compound","C01628",
"Welding fumes","environment",,"Eye"
"Wollastonite","compound","C19550",
"Wood dust","other",,"Nasopharynx;nasal cavity and paranasal sinus"
"X- and Gamma-Radiation","environment",,"Salivary gland;oesophagus;stomach;colon and rectum;lung;bone;skin (malignant neoplasms except melanoma);breast;kidney;urinary bladder;brain and central nervous system;thyroid;leukaemia and/or lymphoma;multiple sites (unspecified)"
"Xylenes","compound","C19551",
"Yellow AB","compound","C19552",
"Yellow OB","compound","C19553",
"Zalcitabine","compound","C07207",
"Zearalenone","compound","C09981",
"Zectran","compound","C18952",
"Zeolites (other than Erionite)","compound","C19576",
"Zidovudine","compound","C07210",
"Zineb","compound","C15232",
"Ziram","compound","C15229",